aargh,0
abaca,2
abaci,1
aback,7
abaft,0
abase,3
abash,0
abate,4
abbey,7
abbot,4
abeam,0
abend,0
abets,1
abhor,19
abide,54
abled,0
abler,2
abode,23
abort,7
about,17745
above,3299
absit,2
abuse,64
abuts,2
abuzz,0
abyss,20
ached,37
aches,11
achoo,1
acids,67
acing,0
acked,0
acmes,0
acned,0
acnes,0
acorn,11
acres,233
acrid,6
acted,165
actin,0
actor,88
acute,79
adage,8
adapt,42
added,1484
adder,6
addle,0
adept,11
adieu,16
adios,3
adlib,0
adman,0
admen,2
admit,165
admix,0
adobe,42
adopt,70
adore,10
adorn,20
adult,220
adzes,1
aegis,1
aerie,1
affix,28
afire,14
afoot,17
afore,8
afoul,2
after,9572
again,5844
agape,4
agars,0
agate,7
agave,2
agent,153
agile,16
aging,18
agley,0
aglow,6
agone,0
agony,60
agora,0
agree,473
agues,0
ahead,917
ahhhh,1
ahold,0
ahoys,0
aided,47
aider,0
aides,11
ailed,1
aimed,99
aimer,0
aioli,0
aired,5
airer,0
aisle,26
aitch,0
ajuga,0
alack,6
alarm,168
album,18
alder,8
aleck,4
aleph,4
alert,120
algae,75
algal,1
algin,0
alias,2
alibi,14
alien,82
align,7
alike,544
alive,624
alkyd,0
alkyl,0
allay,6
alley,56
allot,9
allow,464
alloy,52
aloes,8
aloft,35
aloha,8
alone,1421
along,3590
aloof,26
aloud,309
alpha,16
altar,473
alter,67
altho,6
altos,5
alums,0
alway,2
amahs,2
amass,4
amaze,5
amber,23
ambit,2
amble,3
ameba,23
amend,14
amens,0
amide,1
amigo,7
amine,0
amino,39
amiss,14
amity,3
ammos,0
among,3082
amour,0
amped,0
ample,54
amply,13
amuck,2
amuse,29
amyls,0
anded,0
anent,0
angel,309
anger,511
angle,622
angry,609
angst,0
anile,0
anima,1
anion,5
anise,3
ankhs,0
ankle,56
annas,4
annex,17
annoy,18
annul,6
annum,25
anode,86
anole,3
anted,0
antes,0
antic,3
antis,0
antsy,0
anvil,36
aorta,8
apace,5
apart,703
apers,0
aphid,4
aphis,2
apian,0
aping,1
apish,0
apnea,0
aport,0
apple,321
apply,427
apron,115
apses,1
apsos,0
aptly,13
aquae,0
aquas,0
arbor,8
arced,0
ardor,6
areal,1
areas,1076
arena,40
argon,22
argot,1
argue,124
arias,2
arise,233
arity,0
armed,219
armor,96
aroma,19
arose,272
arras,0
array,119
arrow,245
arses,0
arson,5
artsy,0
arums,0
asana,0
ascot,0
ashen,5
ashes,163
aside,416
asked,3996
asker,0
askew,5
aspen,11
aspic,1
assai,0
assay,5
assed,0
asses,72
asset,30
aster,3
astir,8
astro,1
atilt,0
atlas,44
atoll,6
atoms,406
atone,5
atria,0
attar,0
attic,74
audio,11
audit,4
auger,17
aught,4
augur,2
aunts,31
aurae,0
aural,5
auras,0
auric,0
autos,12
avail,28
avant,6
avast,3
avers,0
avert,17
avian,0
avoid,448
avows,0
await,42
awake,196
award,94
aware,368
awash,5
aways,2
awful,44
awing,0
awoke,88
axels,0
axial,4
axing,0
axiom,16
axled,0
axles,13
axman,0
axmen,1
axons,2
ayins,0
azine,0
azoic,0
azure,8
babel,1
babes,20
backs,132
bacon,130
baddy,0
badge,18
badly,244
bagel,0
baggy,18
bahts,0
bails,1
bairn,0
baits,1
baize,1
baked,123
baker,40
bakes,12
balds,0
baldy,0
baled,3
baler,2
bales,32
balks,2
balky,1
balls,194
bally,1
balms,0
balmy,5
balsa,6
banal,3
bands,194
bandy,3
banes,0
bangs,14
banjo,33
banks,272
banns,2
barbs,18
bards,4
bared,17
barer,0
bares,2
barfs,0
barfy,0
barge,53
baric,0
barks,20
barky,0
barms,0
barmy,0
barns,52
baron,18
basal,6
based,754
baser,4
bases,241
basic,869
basil,5
basin,95
basis,549
basks,0
bassi,0
basso,2
baste,6
batch,26
bated,2
bates,0
bathe,62
baths,46
batik,0
baton,21
batty,0
bauds,0
baulk,1
bawdy,4
bawls,0
bayed,3
bayou,3
bazar,2
beach,388
beads,156
beady,11
beaks,31
beaky,1
beams,95
beamy,0
beano,0
beans,217
beard,139
bears,271
beast,267
beats,221
beaus,0
beaut,1
beaux,1
bebop,1
bebug,0
becks,0
bedew,0
bedim,0
beech,26
beefs,0
beefy,2
beeps,8
beers,3
beery,0
beets,46
befit,2
befog,0
began,3330
begat,1
beget,7
begin,1275
begot,7
begun,348
beige,19
being,4367
belay,2
belch,4
belie,1
belle,6
belli,1
bells,325
belly,97
below,3743
belts,100
bench,202
bends,96
bents,0
beret,7
bergs,1
berms,0
berry,24
berth,17
beryl,12
beset,25
besot,0
bests,0
betas,0
betel,1
beths,0
bevel,30
bezel,0
bhang,0
bhoys,1
bibbs,0
bible,8
biddy,0
bided,0
bider,0
bides,0
bidet,3
biers,0
biffs,0
biffy,0
biggy,0
bight,0
bigly,0
bigot,0
biked,0
biker,0
bikes,20
biles,0
bilge,3
bilgy,0
bilks,0
bills,161
billy,16
bimbo,0
binds,23
binge,2
bingo,2
biome,0
biped,0
bipod,1
birch,35
birds,1430
birth,358
bison,19
bitch,11
biter,1
bites,57
bitsy,2
bitty,3
blabs,0
black,1954
blade,172
blahs,0
blame,160
bland,19
blank,393
blare,5
blash,2
blast,115
blats,0
blaze,50
bleak,53
blear,0
bleat,10
blebs,1
bleed,16
blend,197
bless,69
blest,9
blimp,0
blind,337
blini,0
blink,22
blips,1
bliss,69
blitz,4
bloat,10
blobs,5
block,472
blocs,3
bloke,5
blond,44
blood,1460
bloom,82
blots,8
blown,118
blows,160
blowy,1
blued,1
bluer,1
blues,53
bluff,43
blunt,48
blurb,1
blurs,1
blurt,0
blush,23
board,927
boars,3
boast,84
boats,466
bobby,20
bocce,0
bocci,0
bocks,0
boded,1
bodes,2
bodge,0
boffo,0
boffs,0
bogey,5
boggy,2
bogie,0
bogus,8
boils,36
bolas,2
bolls,9
bolos,0
bolts,51
bombe,0
bombs,89
bonds,127
boned,1
boner,0
bones,630
bongo,5
bongs,1
bonks,0
bonne,2
bonny,10
bonus,55
boobs,0
booby,11
booed,4
books,1198
booky,0
booms,10
boomy,0
boons,0
boors,1
boost,35
booth,44
boots,226
booty,33
booze,5
boozy,0
borax,19
bored,79
borer,3
bores,8
boric,4
borne,90
boron,6
bosky,0
bosom,72
boson,0
bossa,0
bossy,9
bosun,0
botch,0
bough,26
boule,0
bound,437
bouts,16
bowed,155
bowel,2
bower,5
bowie,1
bowls,94
boxed,15
boxer,30
boxes,620
bozos,0
brace,82
brack,1
bract,0
brads,2
braes,0
brags,4
braid,24
brain,378
brake,82
brand,98
brans,0
brant,0
brash,6
brass,254
brats,4
brava,0
brave,338
bravo,7
brawl,5
brawn,2
brays,1
braze,1
bread,946
break,1010
bream,23
breed,89
brent,1
breve,5
brews,4
briar,5
bribe,31
brick,169
bride,126
brief,308
brier,10
bries,0
brigs,0
brims,1
brine,14
bring,2092
brink,29
briny,3
brisk,36
broad,461
broil,11
broke,644
bromo,0
bronc,4
bronx,1
brood,44
brook,115
broom,87
broth,31
brown,697
brows,23
bruin,0
bruit,0
brung,4
brunt,4
brush,311
brusk,0
brute,23
bubba,0
bucks,15
buddy,21
budge,26
buena,0
bueno,2
buffa,2
buffo,0
buffs,3
buggy,58
bugle,50
build,1173
built,1792
bulbs,46
bulge,27
bulgy,2
bulks,3
bulky,40
bulls,91
bully,26
bumph,0
bumps,28
bumpy,18
bunch,148
bunco,0
bunds,0
bungs,0
bunko,0
bunks,30
bunny,5
bunts,0
buoys,8
buret,0
burgs,0
burls,0
burly,18
burns,131
burnt,393
burps,0
burro,55
burrs,9
burry,0
burst,257
busby,0
bused,0
buses,88
bushy,26
busks,0
busts,6
busty,0
butch,1
butte,4
butts,10
butyl,0
buxom,2
buyer,44
buzzy,0
bwana,0
bylaw,0
byres,1
bytes,12
byway,0
cabal,0
cabby,0
cabin,453
cable,94
cacao,27
cache,7
cacti,16
caddy,2
cadet,11
cadge,0
cadre,5
cafes,18
caged,10
cager,0
cages,49
cagey,2
cairn,0
caked,13
cakes,176
calix,0
calks,0
calla,0
calls,409
calms,8
calve,1
calyx,5
camel,79
cameo,3
campo,0
camps,77
campy,0
canal,176
candy,274
caned,0
caner,0
canes,9
canna,0
canny,4
canoe,171
canon,27
canst,10
canto,4
cants,0
caped,2
caper,6
capes,10
capon,0
capos,0
carat,5
cards,269
cared,96
carer,0
cares,62
caret,5
cargo,124
carne,6
carny,0
carob,1
carol,26
carom,0
caron,1
carps,0
carpy,0
carry,1272
carte,3
carts,47
carve,36
casas,0
cased,1
cases,951
casks,6
caste,24
casts,45
casus,1
catch,783
cater,10
catty,0
caulk,0
cauls,0
cause,966
caved,5
caves,92
cavil,0
cawed,3
cease,116
cedar,88
ceded,2
ceder,0
cedes,0
ceils,0
celeb,0
cello,28
cells,898
cento,0
cents,517
chafe,2
chaff,18
chain,306
chair,577
chalk,119
champ,14
chant,66
chaos,62
chaps,18
chard,0
charm,104
chars,1
chart,419
chary,1
chase,123
chasm,6
chats,1
chaws,0
cheap,133
cheat,26
check,1242
cheek,138
cheep,7
cheer,117
chefs,1
chert,1
chess,26
chest,332
chews,13
chewy,2
chick,24
chide,6
chief,825
chiff,0
child,1407
chile,1
chili,19
chill,80
chime,6
chimp,5
china,45
chine,7
chink,1
chino,0
chins,7
chips,48
chirp,13
chits,0
chive,2
chock,0
choir,42
choke,28
chomp,1
choos,1
chops,28
chord,316
chore,22
chose,299
chows,0
chuck,35
chuff,0
chugs,4
chump,1
chums,4
chunk,23
churl,0
churn,22
chute,19
cider,24
cigar,45
cilia,23
cills,4
cinch,9
circa,4
cirri,0
cited,47
cites,15
civet,2
civic,48
civil,234
civvy,0
clack,3
clads,0
claim,366
clamp,47
clams,52
clang,11
clank,6
clans,11
claps,13
clash,35
clasp,19
class,1559
clave,3
claws,153
clays,9
clean,795
clear,1351
cleat,2
clefs,3
cleft,23
clerk,156
clews,0
click,40
cliff,117
climb,325
clime,1
cling,46
clink,7
clips,33
cloak,65
clock,390
clods,13
clogs,8
clomp,3
clone,0
clops,0
close,1838
cloth,504
clots,4
cloud,481
clout,9
clove,4
clown,65
cloys,0
clubs,130
cluck,9
clued,0
clues,148
clump,41
clung,84
clunk,3
coach,170
coals,79
coast,679
coati,1
coats,150
cobra,18
cocas,0
cocci,3
cocks,12
cocky,6
cocoa,67
cocos,1
codas,0
coded,12
coder,0
codes,152
codex,12
codon,0
coeds,1
cohos,3
coifs,0
coils,35
coins,197
coked,0
cokes,1
colas,0
colds,18
colic,1
colon,45
color,1273
colts,39
comas,1
combo,13
combs,14
comer,3
comes,2033
comet,29
comfy,1
comic,63
comma,121
comps,0
conch,3
condo,0
coned,0
cones,65
coney,1
conga,3
conic,6
conks,0
cooch,2
cooed,4
cooks,51
cooky,15
cools,79
coons,5
coops,2
coots,1
coped,3
coper,0
copes,2
copra,7
copse,1
coqui,1
coral,93
cords,102
cordy,0
cored,0
corer,0
cores,18
corgi,0
corks,3
corky,1
corms,1
corns,3
cornu,1
corny,7
corps,46
coset,0
costa,1
costs,448
cotes,0
cotta,1
couch,71
cough,44
could,12579
count,567
coupe,27
coups,4
court,697
couth,0
coven,0
cover,892
coves,4
covet,18
covey,2
cowed,1
cower,4
cowls,0
cowry,0
coxed,0
coxes,0
coyer,0
coyly,5
coypu,8
cozen,0
crabs,42
crack,177
craft,162
crags,11
cramp,20
crams,0
crane,49
crank,41
craps,0
crash,143
crass,2
crate,26
crave,6
crawl,84
craws,0
craze,6
crazy,142
creak,16
cream,343
credo,8
creed,18
creek,116
creel,0
creep,55
creme,0
crepe,9
crept,107
cress,0
crest,57
crews,48
cribs,5
crick,1
cried,1287
crier,6
cries,142
crime,151
crimp,1
crink,0
crisp,74
crits,0
croak,11
crock,3
crocs,2
croft,2
crone,3
crony,0
crook,23
croon,3
crops,582
cross,680
croup,1
crowd,594
crown,244
crows,50
crude,101
cruds,0
cruel,150
cruet,0
cruft,0
crumb,8
crump,0
cruse,3
crush,30
crust,165
crypt,1
cubby,1
cubed,5
cuber,0
cubes,85
cubic,119
cubit,47
cuffs,35
cuing,0
cukes,0
culls,2
culpa,2
cults,9
cumin,3
cunts,0
cupid,0
cuppa,0
cuppy,0
curbs,8
curds,27
curdy,0
cured,52
curer,0
cures,16
curia,1
curie,0
curio,3
curls,50
curly,66
curry,20
curse,132
curve,354
curvy,2
cushy,0
cusps,3
cuspy,0
cuter,0
cutie,1
cutup,0
cycad,1
cycle,246
cynic,2
cysts,3
czars,1
dacha,1
daddy,19
dados,0
daffy,0
daily,447
dairy,173
daisy,10
dales,2
dally,0
dames,1
damns,2
damps,3
dance,769
dandy,21
dared,101
darer,0
dares,15
darks,3
darky,0
darns,1
darts,38
dashy,0
dated,42
dater,0
dates,169
datum,3
daubs,1
daunt,2
davit,0
dawns,7
dazed,15
dazes,0
deads,0
deals,109
dealt,140
deans,1
dears,3
deary,5
death,1573
debar,0
debit,0
debts,62
debug,1
debut,31
decaf,0
decal,0
decay,107
decks,36
decor,9
decoy,6
decry,3
deeds,253
deems,4
deeps,13
defer,15
defog,0
defun,0
degas,0
degum,0
deice,0
deify,0
deign,2
deism,0
deist,0
deity,9
delay,133
delft,0
delis,0
dells,1
delta,28
delve,3
demit,0
demon,59
demos,0
demur,2
denim,11
dense,102
dents,4
depot,27
depth,451
deque,0
derby,7
desex,0
desks,44
deter,10
deuce,0
devil,143
dewed,0
dewey,2
dhows,0
dials,13
diary,75
diazo,0
diced,1
dicer,0
dices,0
dicey,1
dicks,1
dicky,0
dicot,1
dicta,6
dictu,1
dicut,0
diddy,0
didos,1
didot,4
didst,288
diems,0
diest,0
dieth,2
diets,22
digit,227
diked,0
dikes,37
dildo,0
dills,0
dilly,6
dimer,0
dimes,134
dimly,48
dinar,0
dined,26
diner,9
dines,3
dingo,1
dings,1
dingy,17
dinks,0
dinky,3
dints,0
diode,3
dippy,0
dipso,0
direr,0
dirge,4
dirks,0
dirts,0
dirty,209
disco,0
discs,29
dishy,0
disks,55
ditch,76
ditto,2
ditty,4
divan,7
divas,0
dived,73
diver,92
dives,20
divot,1
divvy,0
dixit,0
dizzy,20
djinn,0
docks,49
dodge,23
dodgy,0
dodos,1
doers,13
doest,5
doeth,0
doffs,0
doges,0
doggo,0
doggy,0
dogie,4
dogma,9
doily,1
doing,1498
dolce,1
doled,3
doles,2
dolls,90
dolly,7
dolor,0
dolts,1
domed,8
domes,14
donee,0
donna,3
donor,14
donut,0
dooms,1
doors,386
doozy,0
doped,3
doper,0
dopes,0
dopey,0
dorks,0
dorky,0
dorms,0
dosed,3
doser,0
doses,27
doted,8
doter,0
dotes,0
dotty,3
doubt,595
dough,74
douse,1
doves,35
dovey,0
dowdy,2
dowel,9
dower,1
downs,11
downy,13
dowry,9
dowse,0
doxie,0
doyen,0
dozed,23
dozen,367
dozer,1
dozes,2
drabs,0
draft,103
drags,22
drain,82
drake,0
drama,150
drams,0
drank,197
drape,2
drawl,10
drawn,602
draws,102
drays,0
dread,86
dream,434
drear,1
dreck,0
dregs,7
dress,544
dribs,0
dried,307
drier,30
dries,31
drift,124
drill,222
drily,0
drink,906
drips,3
drive,800
droid,0
droll,0
drone,20
drool,1
droop,13
drops,268
dross,12
drove,534
drown,39
drubs,0
drugs,183
druid,0
drums,152
drunk,136
dryad,0
dryer,13
dryly,14
duals,0
ducal,2
ducat,1
duces,0
duchy,0
ducks,155
ducky,1
ducts,24
duddy,0
dudes,2
duels,2
duets,4
duffs,0
dukes,3
dulls,2
dully,15
dulse,0
dummy,34
dumps,10
dumpy,6
dunce,0
dunes,60
dungs,0
dungy,0
dunks,0
dunno,6
duomo,0
duped,2
duper,0
dupes,0
duple,6
durst,0
dusks,0
dusky,12
dusts,3
dusty,113
dutch,0
duvet,0
dwarf,26
dweeb,0
dwell,352
dwelt,214
dyads,2
dyers,2
dying,178
dykes,3
dynes,0
eager,223
eagle,138
eared,3
earls,2
early,2195
earns,33
earth,3992
eased,49
easel,18
eases,5
easts,0
eaten,378
eater,27
eaves,12
ebbed,5
ebony,11
echos,2
eclat,2
edema,2
edged,37
edger,3
edges,416
edict,13
edify,1
edits,2
educe,0
eerie,30
egads,0
egged,4
egger,0
egret,1
eider,3
eight,951
eject,5
eking,0
eland,0
elans,0
elate,0
elbow,70
elder,77
elect,69
elegy,4
elfin,2
elide,0
elite,24
elope,0
elude,4
elves,15
email,0
embed,4
ember,6
emcee,1
emend,1
emery,15
emirs,1
emits,4
emote,0
empty,694
enact,13
ended,409
ender,0
endow,6
endue,0
enema,4
enemy,596
enjoy,577
ennui,2
enrol,4
ensue,5
enter,586
entry,354
envoi,0
envoy,5
epact,0
epees,0
ephah,5
ephod,51
epics,6
epoch,30
epoxy,2
epsom,1
equal,981
equip,11
erase,42
erect,62
erode,5
erred,9
error,455
eruct,0
erupt,13
essay,85
esses,0
ester,27
estop,0
etext,0
ether,2
ethic,8
ethos,9
ethyl,21
etude,1
evade,9
evens,0
event,357
every,5765
evict,1
evils,58
evoke,12
exact,348
exalt,71
exams,12
excel,7
excon,0
exeat,3
execs,0
exert,39
exile,100
exist,282
exits,19
expat,0
expel,6
expos,0
extol,17
extra,548
exude,0
exult,25
exurb,0
eyers,0
eying,7
eyrie,2
fable,39
faced,276
facer,0
faces,576
facet,8
facie,6
facto,13
facts,729
faddy,0
faded,103
fader,0
fades,15
faery,0
fagot,2
fails,98
faint,214
faire,3
fairs,16
fairy,91
faith,577
faked,5
faker,1
fakes,4
fakir,1
falls,442
false,492
famed,31
fames,1
fancy,147
fangs,29
fanin,0
fanny,1
farad,5
farce,15
fared,17
fares,34
farms,533
farts,0
fasts,6
fatal,88
fated,4
fates,6
fatly,0
fatso,0
fatty,21
fatwa,0
fault,201
fauna,21
fauns,0
favor,357
fawns,9
fawny,0
faxed,0
faxer,0
faxes,0
fazed,0
fazes,0
fears,162
feast,288
feats,21
fecal,0
feces,0
feeds,67
feels,285
feign,2
feint,3
feist,2
fella,12
fells,0
felon,2
felts,4
femme,6
femur,2
fence,402
fends,0
fenny,0
feral,0
fermi,0
ferns,39
ferny,6
ferry,46
fetal,2
fetch,95
feted,2
fetes,1
fetid,2
fetor,0
fetus,4
feuar,1
feuds,6
feued,1
fever,176
fewer,238
fiats,0
fiber,84
fibre,6
fiche,1
fichu,1
fiefs,0
field,1748
fiend,14
fiery,83
fifes,4
fifth,320
fifty,602
fight,865
filar,0
filch,0
filed,63
filer,0
files,141
filet,2
fills,85
filly,21
films,141
filmy,5
filth,17
final,963
finch,6
finds,321
fined,22
finer,45
fines,16
finif,0
finis,0
finks,0
finny,0
fiord,7
fired,200
firer,0
fires,189
firma,1
firms,143
first,11765
firth,8
fishy,5
fists,55
fisty,0
fitly,3
fiver,0
fives,33
fixed,444
fixer,0
fixes,10
fixit,0
fizzy,0
fjord,2
flabs,0
flack,0
flags,76
flail,10
flair,13
flake,9
flaks,0
flaky,14
flame,232
flams,1
flank,24
flaps,33
flare,19
flash,161
flask,77
flats,70
flaws,12
flays,0
fleas,16
fleck,3
flees,11
fleet,121
flesh,540
flick,21
flics,0
flied,1
flier,10
flies,259
fling,23
flint,43
flips,23
flirt,5
flits,0
float,133
flock,105
floes,6
flogs,0
flood,212
floor,1300
flops,4
flora,8
floss,0
flour,303
flout,0
flown,67
flows,245
flubs,0
flues,0
fluff,12
fluid,92
fluke,11
fluky,0
flume,0
flung,106
flunk,1
flush,74
flute,85
flyby,1
flyer,8
foals,5
foams,24
foamy,8
focal,22
focus,125
fogey,0
foggy,40
foils,4
foist,0
folds,66
folia,0
folic,0
folio,4
folks,179
folky,2
folly,87
fondu,1
fonts,244
foods,603
fools,70
foots,1
foray,6
force,1140
fords,11
fores,1
forge,26
forgo,4
forks,31
forky,0
forma,4
forms,1322
forte,7
forth,1092
forts,41
forty,347
forum,13
fossa,1
fosse,1
fouls,3
found,5143
fount,2
fours,54
fovea,0
fowls,12
foxed,2
foxes,65
foyer,13
frail,44
frame,398
franc,6
frank,48
frats,0
fraud,22
frays,2
freak,10
freed,91
freer,11
frees,6
fresh,776
frets,3
friar,3
fried,70
frier,0
fries,2
frigs,0
frill,3
frisk,2
frizz,1
frock,8
frogs,161
frond,1
front,1930
frosh,0
frost,101
froth,6
frown,47
froze,34
fruit,768
frump,0
fryer,1
ftped,0
fucks,1
fudge,26
fudgy,1
fuels,44
fugal,0
fugit,1
fugue,19
fulls,0
fully,390
fumed,6
fumer,0
fumes,38
funds,205
fungi,92
fungo,0
funks,0
funky,1
funny,389
furls,0
furor,4
furry,31
furze,0
fused,14
fusee,0
fuses,15
fussy,22
fusty,2
futon,0
fuzed,0
fuzes,0
fuzzy,27
gabby,0
gable,9
gaffe,1
gaffs,0
gages,4
gaily,46
gains,97
gaits,0
galas,1
gales,9
galls,12
gamba,3
gamed,0
gamer,0
games,432
gamey,0
gamic,0
gamin,0
gamma,19
gamut,8
ganef,0
gangs,16
gaols,0
gaped,16
gaper,0
gapes,0
gappy,0
garbs,0
garde,5
gases,293
gasps,17
gassy,1
gated,0
gates,252
gator,0
gaudy,18
gauge,81
gaunt,40
gauss,4
gauze,18
gauzy,2
gavel,5
gawks,0
gawky,6
gayer,4
gayly,5
gazed,88
gazer,1
gazes,8
gears,25
gecko,4
geeks,0
geese,113
gelds,0
genes,39
genet,0
genie,17
genii,4
genre,16
gents,3
genus,33
geode,0
geoid,0
germs,154
gesso,0
getup,1
ghost,173
ghoti,0
ghoul,3
giant,366
gibed,0
giber,0
gibes,1
giddy,9
gifts,235
gigas,4
gigue,1
gilds,0
gills,59
gilts,0
gimel,0
gimme,7
gimps,0
gimpy,0
ginny,0
gipsy,2
girds,3
girls,1375
girly,0
giros,0
girth,9
girts,0
gismo,0
gists,0
given,3582
giver,9
gives,1358
gizmo,0
glade,7
glads,0
gland,39
glans,0
glare,50
glary,0
glass,1115
glaze,19
gleam,42
glean,12
glebe,0
glees,1
glens,5
glide,32
glint,15
glitz,0
gloat,7
globe,294
globs,4
gloms,0
gloom,75
glory,597
gloss,15
glove,54
glows,13
glued,48
gluer,0
glues,6
gluey,2
gluon,0
gluts,0
glyph,8
gnarl,0
gnash,9
gnats,17
gnaws,4
gnome,3
goads,3
goals,119
goats,155
godly,42
goers,0
goest,3
goeth,4
gofer,0
going,4027
golds,1
golem,0
golfs,0
golly,17
gonad,0
goner,0
gongs,4
gonna,75
gonzo,0
goods,613
goody,8
gooey,4
goofs,0
goofy,9
gooks,0
gooky,0
goons,0
goony,0
goopy,1
goose,199
goosy,0
gored,3
gores,3
gorge,13
gorse,3
goths,0
gotta,22
gouda,0
gouge,17
gourd,19
gouts,0
gouty,0
gowns,16
goyim,0
grabs,16
grace,239
grade,229
grads,2
graft,8
grail,0
grain,505
grams,48
grand,187
grant,173
grape,22
graph,439
grapy,0
grasp,118
grass,947
grata,2
grate,13
grave,183
gravy,26
grays,4
graze,49
great,6306
grebe,1
greed,29
greek,11
green,1469
greet,60
greps,0
greys,6
grids,12
grief,118
grift,0
grill,43
grime,5
grimy,4
grind,47
grins,26
gripe,1
grips,19
grist,3
grits,7
groan,52
groat,2
grody,0
grogs,0
groin,10
groks,0
gronk,0
grook,0
groom,26
grope,12
gross,105
group,2417
grout,0
grove,44
growl,40
grown,654
grows,402
grubs,16
gruel,5
gruff,13
grump,0
grunt,11
guano,0
guard,364
guava,1
guess,759
guest,167
guide,456
guild,10
guile,18
guilt,72
guise,11
gulag,0
gulch,0
gules,0
gulfs,8
gulls,67
gully,18
gulps,9
gumbo,1
gummy,5
gunks,0
gunky,0
gunny,4
guppy,11
gurus,1
gushy,0
gusto,7
gusts,20
gusty,7
gutsy,0
gutta,0
gutty,0
guyed,0
gwine,1
gyppy,0
gypsy,54
gyros,5
gyved,0
gyves,1
habit,203
hacks,8
hadda,0
hades,0
hadst,12
hafta,4
hafts,0
haiku,37
hails,3
hairs,101
hairy,46
haled,0
haler,0
hales,0
hallo,6
halls,65
halma,0
halos,4
halts,11
halve,4
hames,0
hammy,0
hamza,1
hands,2464
handy,100
hangs,71
hanks,0
hanky,1
hapax,0
haply,0
happy,1024
hardy,37
harem,11
hares,15
harks,0
harms,1
harps,5
harpy,3
harry,11
harsh,96
harts,2
harum,1
hasps,2
haste,133
hasty,22
hatch,132
hated,202
hater,1
hates,64
hauls,11
haunt,20
haute,3
haven,20
haves,2
havoc,14
hawed,0
hawks,57
hayed,0
hayer,0
hayey,0
hazed,0
hazel,15
hazer,0
hazes,1
heads,731
heady,7
heals,11
heaps,49
heard,3197
hears,143
heart,2245
heath,10
heats,36
heave,25
heavy,1318
hedge,52
heeds,6
heels,158
heerd,3
hefts,0
hefty,8
heigh,0
heirs,33
heist,0
helix,1
hello,185
hells,1
helms,0
helps,637
hemps,0
hempy,0
hence,635
henge,0
henna,2
henry,13
herbs,46
herby,0
herds,147
herem,1
heres,1
heron,11
heros,0
hertz,3
hewed,6
hewer,1
hexad,0
hexed,0
hexer,0
hexes,1
hicks,0
hider,0
hides,115
highs,9
hiked,12
hiker,2
hikes,8
hilar,4
hills,550
hilly,58
hilts,0
hilum,5
himbo,0
hinds,6
hinge,26
hints,43
hippo,2
hippy,1
hired,135
hirer,0
hires,7
hitch,23
hived,0
hiver,0
hives,1
hoagy,1
hoard,5
hoars,0
hoary,8
hobby,94
hobos,0
hocks,3
hocus,0
hodad,0
hoers,0
hogan,11
hoist,12
hokey,0
hokum,0
holds,432
holed,2
holer,0
holes,343
holey,0
holly,25
holon,0
homed,0
homer,21
homes,704
homey,2
homme,1
homos,3
honed,2
honer,0
hones,0
honey,210
honks,1
honky,0
honor,467
hooch,1
hoods,14
hooey,1
hoofs,83
hooks,91
hooky,4
hoops,17
hoots,4
hoped,344
hoper,0
hopes,242
hoppy,0
horde,17
horns,242
horny,2
horse,1476
horsy,0
hosed,0
hoses,12
hosts,321
hotel,308
hotly,22
hound,53
houri,0
hours,1390
house,5443
hovel,4
hover,13
howdy,15
howls,14
hubba,1
hubby,1
huffs,1
huffy,2
huger,0
hulas,1
hulks,2
hulky,0
hullo,8
hulls,8
human,1303
humid,41
humor,119
humpf,1
humph,11
humps,15
humpy,1
humus,33
hunch,15
hunks,1
hunky,0
hunts,31
hurls,1
hurly,0
hurry,377
hurts,34
husks,14
husky,29
hussy,0
hutch,5
huzza,0
hydra,4
hydro,3
hyena,11
hying,0
hymen,13
hymns,51
hyped,0
hyper,0
hypes,0
hypos,0
iambs,0
icers,0
ichor,0
icier,0
icily,3
icing,29
icons,1
ideal,167
ideas,1291
idiom,20
idiot,20
idled,2
idler,3
idles,1
idols,148
idyll,3
idyls,0
igloo,8
ikats,0
ikons,0
ileum,1
ileus,0
iliac,4
ilium,0
image,429
imago,1
imams,2
imbed,0
imbue,1
immix,0
impel,5
imply,63
impro,0
inane,2
inapt,1
incur,13
index,358
indie,0
inept,7
inert,29
infer,16
infix,0
infra,1
ingot,1
injun,1
inked,10
inker,0
inlay,1
inlet,23
inner,354
inode,0
input,300
inset,5
inter,9
intra,1
intro,0
inure,1
ioctl,0
iodic,0
ionic,10
iotas,0
irate,4
irked,1
irons,25
irony,32
isles,11
islet,1
issue,390
itchy,4
items,383
ivied,0
ivies,0
ivory,66
ixnay,0
jacks,4
jaded,4
jades,0
jaggy,0
jails,11
jakes,1
jambs,18
jammy,0
janes,0
japan,0
jaunt,2
jawed,0
jazzy,1
jeans,26
jeeps,11
jeers,6
jello,2
jells,0
jelly,105
jenny,0
jerks,11
jerky,21
jerry,0
jests,2
jetty,7
jewel,34
jibed,1
jiber,0
jibes,3
jiffs,0
jiffy,9
jihad,2
jilts,0
jimmy,0
jingo,6
jings,2
jinks,0
jinns,0
jived,0
jives,0
jocks,0
joeys,0
johns,0
joins,66
joint,238
joist,0
joked,9
joker,3
jokes,108
jolly,50
jolts,2
joule,1
joust,2
jowls,6
jowly,0
joyed,0
judge,461
judos,0
juice,216
juicy,46
jujus,0
jukes,0
julep,2
jumbo,4
jumps,97
jumpy,9
junco,0
junks,7
junky,1
junta,18
juror,6
juste,1
jutes,0
kabob,0
kaiak,0
kales,0
kapok,0
kappa,0
kaput,1
karat,2
karma,0
kayak,2
kayos,0
kazoo,1
kebab,0
kebob,1
keels,1
keens,0
keeps,410
kefir,0
kelly,0
kelps,2
kelpy,0
kenaf,0
kepis,0
kerbs,0
kerfs,1
kerns,32
ketch,7
keyed,8
keyer,0
khaki,10
khans,1
kicks,28
kicky,0
kiddo,1
kikes,0
kills,74
kilns,3
kilos,0
kilts,2
kilty,0
kinda,13
kinds,1732
kings,484
kinks,6
kinky,2
kiosk,5
kirks,0
kited,1
kites,20
kiths,0
kitty,26
kivas,2
kiwis,1
klieg,0
kluge,0
klugy,0
klunk,1
klutz,0
knack,16
knave,5
knead,7
kneed,1
kneel,20
knees,308
knell,2
knelt,89
knife,438
knish,0
knits,6
knobs,25
knock,123
knoll,12
knops,1
knots,70
knout,0
known,2425
knows,862
knurl,1
koala,4
koine,0
kooks,1
kooky,2
kopek,0
kraal,1
kraut,1
krill,7
krona,0
krone,0
kudos,1
kudzu,0
kulak,0
kyrie,1
label,248
labia,0
labor,555
laced,19
lacer,0
laces,17
lacey,2
lacks,58
laded,0
laden,35
lades,0
ladle,10
lager,2
laird,1
lairs,3
laity,3
laker,0
lakes,272
lamas,0
lambs,159
lamed,3
lamer,0
lames,0
lamps,120
lanai,0
lance,23
lands,810
lanes,37
lanky,25
lapel,3
lapin,0
lapis,1
lapse,17
larch,1
lards,0
lardy,1
large,3897
largo,1
larks,8
larva,26
lased,0
laser,13
lases,0
lasso,19
lasts,48
latch,19
later,2659
latex,13
lathe,41
laths,1
latin,2
latus,0
laude,1
lauds,0
laugh,363
lavas,3
laved,0
laver,15
laves,1
lawns,48
lawny,0
lawzy,0
laxer,1
laxly,0
layer,298
layup,0
lazed,1
lazes,0
leach,0
leads,264
leafs,0
leafy,37
leaks,21
leaky,12
leans,25
leant,13
leaps,47
leapt,17
learn,2019
lease,59
leash,21
least,1766
leave,1599
ledge,78
leech,5
leeks,1
leers,1
leery,0
lefts,1
lefty,1
legal,258
leggo,0
leggy,2
legit,1
legos,0
lemma,16
lemme,10
lemon,95
lemur,2
lends,26
lento,1
leper,18
lepta,0
letup,2
levee,3
level,1071
lever,147
levis,2
liars,14
libel,6
libra,4
licit,0
licks,10
liege,3
liens,1
liers,0
liest,0
lieth,0
lifer,1
lifts,58
light,3298
ligne,0
liked,723
liken,7
liker,0
likes,286
lilac,16
lilts,0
lilty,0
limbo,1
limbs,90
limby,0
limed,2
limen,1
limes,8
limey,0
limit,249
limns,0
limos,0
limps,1
lined,32
linen,182
liner,31
lines,2645
lingo,7
lings,0
links,77
lints,0
linty,0
lions,195
lipid,0
lippy,0
liras,0
lisle,0
lisps,0
lists,257
liter,11
lites,1
lithe,10
litho,0
litre,2
lived,1766
liven,2
liver,91
lives,1100
livid,11
livre,0
llama,18
loads,105
loafs,0
loams,0
loamy,2
loans,83
loath,12
lobar,0
lobby,37
lobed,3
lobes,13
local,1048
lochs,0
locks,59
locos,2
locus,9
lodes,1
lodge,62
loess,8
lofts,0
lofty,59
loges,0
loggy,0
logic,66
login,0
logos,3
loins,68
lolls,0
lolly,10
loner,2
longs,10
looks,1084
looky,2
looms,22
loons,2
loony,0
loops,79
loopy,0
loose,363
loots,0
loped,5
loper,0
lopes,1
loppy,0
lords,89
lordy,0
lores,1
lorry,1
loser,13
loses,120
lossy,0
lotsa,0
lotta,2
lotto,0
lotus,7
louis,11
louse,8
lousy,21
louts,1
loved,585
lover,87
loves,191
lowed,0
lower,1037
lowly,37
loxes,0
loyal,85
luaus,0
lubes,0
lubra,2
lucid,11
lucks,1
lucky,232
lucre,1
lulab,2
lulls,3
lulus,0
lumen,1
lumps,52
lumpy,9
lunar,67
lunch,453
lunes,0
lunge,9
lungs,241
lupus,0
lurch,8
lured,11
lurer,0
lures,7
lurid,7
lurks,5
lusts,4
lusty,12
luted,0
lutes,3
luvya,0
luxes,0
lycra,0
lying,491
lymph,10
lynch,4
lyres,18
lyric,38
macaw,0
maced,0
macer,0
maces,0
macho,0
macro,441
madam,37
madly,25
mafia,1
magic,353
magma,44
magna,2
magus,0
mahua,1
maids,58
mails,17
maims,0
mains,15
maize,15
major,960
maker,62
makes,2073
males,90
malls,0
malts,1
malty,0
mamas,1
mambo,0
mamma,5
mammy,5
maned,4
manes,8
mange,0
mango,7
mangy,2
mania,10
manic,3
manly,15
manna,21
manor,26
manse,1
manta,2
maple,100
march,195
mares,15
marge,3
maria,0
marks,604
marls,0
marry,245
marsh,65
marts,1
maser,3
mashy,0
masks,38
mason,9
masse,2
masts,48
match,492
mated,5
mater,5
mates,35
matey,3
maths,1
matte,0
matzo,2
mauls,0
mauve,6
maven,0
mavis,1
maxim,9
maxis,0
maybe,1017
mayor,122
mayst,2
mazed,0
mazer,0
mazes,1
meads,0
meals,193
mealy,1
means,2934
meant,790
meany,0
meats,68
meaty,4
mebbe,7
mecca,2
mecum,2
medal,70
media,44
medic,0
meets,75
melba,1
melds,0
melee,3
melon,20
melts,78
memes,0
memos,2
mends,3
menus,13
meows,0
mercy,329
merge,25
merit,55
merry,139
merse,1
mesas,8
mesne,0
meson,0
messy,24
metal,914
meted,6
meter,224
metes,0
metre,7
metro,2
mewed,4
mezzo,1
miaow,0
micas,1
micks,0
micro,0
middy,6
midis,0
midst,411
miens,0
miffs,0
might,5242
miked,1
mikes,3
milch,3
miler,2
miles,2448
milks,6
milky,13
mills,203
mimed,0
mimeo,0
mimer,0
mimes,0
mimic,6
mimsy,2
minas,9
mince,10
minds,267
mined,61
miner,26
mines,218
minim,1
minis,0
minks,7
minor,340
mints,5
minus,172
mired,5
mires,0
mirth,27
miser,5
missy,1
mists,31
misty,30
miter,7
mites,5
mitre,4
mitts,2
mixed,487
mixer,15
mixes,21
mixup,0
moans,8
moats,2
mocha,0
mocks,10
modal,11
model,517
modem,0
modes,112
modus,2
mogul,1
mohel,0
moire,1
moist,158
molal,3
molar,4
molas,0
molds,72
moldy,7
moles,11
molls,0
molly,2
molto,1
molts,9
momma,0
mommy,2
monad,0
mondo,0
money,2525
monic,3
monks,15
monte,0
month,946
mooch,0
moods,48
moody,10
mooed,3
moola,0
moons,78
moony,1
moors,9
moose,52
moots,0
moped,2
moper,0
mopes,1
moral,294
moray,1
morel,0
mores,12
morns,3
moron,2
morph,0
morts,1
mosey,0
mossy,14
mosts,0
motel,55
motes,2
motet,2
moths,62
mothy,0
motif,14
motor,311
motto,27
mould,15
moult,2
mound,68
mount,93
mourn,72
mouse,223
mousy,3
mouth,1339
moved,1397
mover,6
moves,606
movie,184
mowed,18
mower,16
moxie,0
mrads,2
mucho,1
mucks,0
mucky,0
mucus,24
muddy,103
muffs,0
mufti,0
muggy,9
mujik,0
mulch,6
mulct,0
mules,69
muley,0
mulls,0
mumbo,1
mummy,16
mumps,15
munch,4
munge,0
mungs,0
mungy,0
muons,0
mural,9
murks,0
murky,17
mused,17
muser,0
muses,0
mushy,4
music,2561
musks,0
musky,2
musos,0
mussy,0
musta,1
musts,1
musty,11
muted,16
muter,0
mutes,3
mutts,0
muxes,0
mylar,0
mynah,0
mynas,0
myrrh,28
myths,58
nabla,0
nabob,0
nacho,0
nadir,3
naiad,0
nails,203
naive,23
naked,144
named,1197
namer,0
names,1399
nanny,1
napes,0
nappy,1
narco,0
narcs,0
nards,0
nares,0
nasal,25
nasty,35
natal,4
natch,1
nates,0
natty,2
naval,100
navel,9
naves,0
nears,9
neath,1
neato,0
necks,58
needs,995
needy,74
negro,9
neigh,5
neons,0
nerds,0
nerdy,0
nerfs,0
nerts,0
nerve,173
nervy,1
nests,124
never,4880
newel,3
newer,59
newly,164
newsy,2
newts,0
nexus,0
nicad,0
nicer,29
niche,16
nicks,3
niece,39
nifty,0
night,3462
nihil,0
nimbi,0
nines,7
ninja,0
ninny,1
ninth,100
nippy,1
nisei,0
niter,0
nitro,0
nitty,0
nixed,0
nixes,0
nixie,0
nobby,0
noble,154
nobly,21
nodal,4
noddy,0
nodes,6
noels,0
nohow,0
noire,1
noise,536
noisy,113
nomad,7
nonce,1
nones,0
nonny,0
nooks,3
nooky,0
noons,0
noose,10
norms,28
north,1123
nosed,7
noses,67
nosey,1
notch,40
noted,313
noter,0
notes,673
nouns,543
novae,0
novas,2
novel,200
noway,0
nuder,0
nudes,2
nudge,20
nudie,0
nuked,0
nukes,1
nulls,1
numbs,0
nurbs,0
nurse,62
nutsy,0
nutty,3
nylon,64
nymph,25
oaken,7
oakum,0
oared,0
oases,24
oasis,27
oaten,0
oaths,30
obeah,0
obese,5
obeys,21
obits,0
oboes,13
occur,486
ocean,888
ocher,1
ochre,4
octal,26
octet,0
odder,3
oddly,57
odium,2
odors,47
odour,5
offal,3
offed,0
offen,2
offer,601
often,3677
ogled,2
ogler,0
ogles,0
ogres,0
ohhhh,2
ohmic,1
oiled,25
oiler,0
oinks,0
oinky,0
okapi,0
okays,0
okras,0
olden,15
older,621
oldie,0
oleos,0
olios,0
olive,119
ombre,0
omega,5
omens,11
omits,13
oncet,1
onion,60
onset,26
oodle,0
oomph,1
oozed,8
oozes,3
opals,4
opens,147
opera,262
opine,0
opium,22
opted,4
optic,3
orals,0
orate,1
orbed,0
orbit,262
orcas,0
order,2688
organ,122
oring,0
orlon,1
ortho,1
osier,0
other,15447
otter,35
ought,503
ouija,1
ounce,53
ousel,0
ousts,0
outdo,11
outen,3
outer,385
outgo,1
outta,3
ouzel,1
ovals,7
ovary,29
ovate,0
ovens,19
overs,0
overt,20
ovoid,3
ovule,2
owest,0
oweth,0
owing,56
owlet,0
owned,259
owner,274
oxbow,0
oxeye,0
oxide,56
oxlip,0
ozone,7
paced,29
pacer,7
paces,32
packs,32
pacts,3
paddy,18
padre,7
paean,2
pagan,25
paged,0
pager,0
pages,921
pails,26
pains,82
paint,527
pairs,567
paled,8
paler,6
pales,3
palls,1
pally,0
palms,75
palmy,0
palsy,4
pampa,0
panda,9
paned,0
panel,113
panes,23
panga,1
pangs,16
panic,104
pansy,17
pants,88
panty,0
papal,20
papas,0
papaw,0
paper,2779
pappy,1
paras,3
parch,0
pards,0
pared,1
paren,0
parer,2
pares,0
parka,4
parks,163
parry,0
parse,0
parts,2733
party,1441
pasha,0
passe,0
pasta,1
paste,115
pasts,0
pasty,2
patch,136
paten,0
pater,3
pates,0
paths,246
patio,10
patsy,1
patty,2
pause,165
pavan,0
paved,55
paver,0
paves,1
pawed,7
pawer,0
pawky,1
pawls,0
pawns,1
payed,1
payee,1
payer,1
peace,1056
peach,84
peaks,119
peaky,1
peals,5
pearl,97
pears,33
pease,0
peats,0
peaty,2
pecan,7
pecks,8
pedal,51
peeks,3
peels,2
peens,0
peeps,0
peers,25
peeve,0
pekoe,0
pelts,24
penal,7
pence,9
pends,0
penes,0
pengo,0
penis,1
penny,158
peons,2
peony,1
peppy,0
perch,41
perdu,3
peril,40
perks,2
perky,4
perms,0
pesky,2
pesos,10
pesto,0
pests,28
petal,9
peter,8
petit,6
petri,0
petty,27
pewee,0
pewit,0
pffft,0
phage,0
phase,142
phial,0
phlox,1
phone,149
phony,17
photo,56
phyla,1
piano,469
picas,5
picks,83
picky,3
picot,0
piece,1505
piers,17
pieta,0
piety,26
piggy,6
pigmy,2
piing,0
piker,0
pikes,5
pilaf,0
pilau,0
piled,113
piles,73
pills,28
pilot,234
pimps,3
pinch,42
pined,5
pines,42
piney,5
pings,0
pinko,0
pinks,5
pinky,0
pinto,18
pints,55
pinup,0
pions,3
pious,26
piped,32
piper,6
pipes,140
pipet,0
pique,5
pismo,0
pitas,0
pitch,333
piths,0
pithy,3
piton,0
pivot,27
pixel,151
pixie,0
pizza,23
place,6334
plaid,17
plain,1005
plait,1
plane,1167
plank,44
plans,564
plant,1331
plash,0
plasm,2
plate,425
plats,1
playa,0
plays,440
plaza,12
plead,30
pleas,8
pleat,12
plebe,0
plebs,0
plein,2
plena,0
plied,10
plies,3
plink,0
plods,2
plonk,0
plops,0
plots,47
plows,36
ploys,0
pluck,73
plugs,17
plumb,25
plume,13
plump,57
plums,26
plumy,1
plunk,1
plush,9
plyer,0
poach,3
pocks,0
pocky,0
podgy,1
podia,0
poems,262
poesy,1
poets,133
point,3146
poise,26
poked,53
poker,15
pokes,11
pokey,0
polar,99
poled,4
poler,0
poles,321
polio,59
polis,1
polka,14
polls,55
polly,1
polos,0
polyp,11
pomps,0
ponds,79
pones,0
pooch,0
pooey,0
poohs,0
pools,96
poops,0
popes,6
poppy,19
porch,223
pored,6
pores,23
porgy,0
porks,0
porky,0
porno,0
ports,93
posed,30
poser,1
poses,15
poset,0
posit,0
posse,19
poste,0
posts,116
potty,0
pouch,37
poufs,0
pound,287
pours,61
pouts,0
power,2282
poxed,0
poxes,0
prams,1
prank,2
prate,0
prats,0
prawn,0
prays,20
preen,3
preps,0
press,506
prest,0
prexy,0
preys,3
price,569
prick,12
pride,300
pried,1
prier,0
pries,2
prigs,1
prima,7
prime,636
primo,0
primp,0
prims,0
prink,0
print,202
prior,101
prise,0
prism,81
privy,3
prize,223
probe,54
prods,2
proem,0
profs,0
promo,0
proms,0
prone,29
prong,3
proof,221
props,13
prose,51
prosy,0
proud,518
prove,776
prowl,14
prows,1
proxy,7
prude,0
prune,13
pruta,1
pryer,0
psalm,22
pseud,0
pshaw,1
psoas,1
pssst,1
psych,0
pubes,0
pubic,0
pubis,0
pucks,0
pudgy,2
puffs,33
puffy,6
puked,0
pukes,0
pukka,2
pulls,147
pulps,0
pulpy,4
pulse,69
pumas,3
pumps,57
punch,72
punks,2
punky,0
punny,0
punts,1
pupae,19
pupal,0
pupas,1
pupil,139
puppy,89
puree,2
purer,7
purge,27
purls,1
purrs,0
purse,95
purty,3
pushy,0
pussy,13
putts,0
putty,12
pygmy,5
pylon,2
pyres,0
pyxie,0
qophs,0
quack,35
quads,3
quaff,1
quail,23
quais,0
quake,19
qualm,0
quals,0
quark,0
quart,91
quash,0
quasi,1
quays,4
queen,281
queer,122
quell,4
query,7
quest,52
queue,12
quick,556
quids,0
quiet,739
quiff,1
quill,27
quilt,49
quint,6
quips,0
quipu,6
quire,3
quirk,5
quirt,10
quite,1884
quits,4
quoin,0
quoit,0
quota,25
quote,83
quoth,7
rabbi,14
rabid,2
raced,202
racer,1
races,160
racks,15
radar,94
radii,12
radio,769
radix,22
radon,1
rafts,21
raged,39
rages,9
raids,33
rails,73
rains,134
rainy,130
raise,529
rajah,1
rajas,0
raked,23
raker,0
rakes,1
rally,97
ramps,3
ranch,276
rands,0
randy,0
range,730
rangy,3
ranks,110
rants,0
raped,4
raper,0
rapes,1
rapid,193
rarer,9
rasae,0
rasps,2
raspy,1
rated,36
rater,0
rates,284
raths,2
ratio,278
ratty,1
raved,3
ravel,2
raven,11
raver,0
raves,2
rawer,0
rawly,0
rayed,1
rayon,48
razed,7
razer,0
razes,0
razor,49
reach,893
react,74
reads,220
ready,1658
realm,75
reals,5
reams,5
reaps,2
rearm,1
rears,1
rebar,0
rebel,66
rebid,0
rebox,3
rebus,1
rebut,7
recap,1
recta,0
recto,0
recur,8
recut,0
redid,0
redip,0
redly,1
redox,0
redux,0
reeds,80
reedy,7
reefs,19
reeks,0
reeky,0
reels,7
reeve,0
refer,325
refit,2
refix,0
refly,0
refry,0
regal,9
rehab,0
reify,0
reign,252
reins,71
relax,86
relay,52
relet,0
relic,14
reman,0
remap,0
remit,2
remix,0
renal,4
rends,0
renew,40
rente,0
rents,46
repay,55
repel,34
reply,240
repro,0
reran,0
rerun,1
resaw,0
resay,0
reset,14
resew,0
resin,42
rests,98
retch,2
retro,0
retry,0
reuse,0
revel,10
revet,0
revue,9
rewed,0
rheas,0
rheum,2
rhino,15
rhumb,0
rhyme,234
rials,0
ribby,0
riced,0
ricer,0
rices,0
rider,141
rides,109
ridge,110
ridgy,0
rifer,0
rifle,203
rifts,1
right,7082
rigid,105
rigor,10
riled,2
riles,1
rille,0
rills,2
rimed,1
rimer,0
rimes,0
rinds,2
rings,236
rinks,1
rinse,31
riots,24
ripen,18
riper,0
risen,115
riser,8
rises,266
risks,52
risky,24
rites,24
ritzy,0
rival,77
rived,0
riven,2
river,1449
rives,0
rivet,24
roach,20
roads,466
roams,2
roans,0
roars,23
roast,72
robed,7
robes,75
robin,61
roble,0
robot,75
rocks,824
rocky,173
rodeo,53
roger,5
rogue,5
roids,0
roils,0
roily,0
roles,73
rolls,133
roman,82
romps,0
rondo,27
roods,0
roofs,80
rooks,0
rooky,0
rooms,314
roomy,9
roost,19
roots,554
rooty,0
roped,16
roper,3
ropes,131
roses,108
rosin,9
rotor,40
rouge,7
rough,374
round,1811
rouse,29
roust,0
route,257
routs,1
roved,1
rover,5
roves,2
rowan,1
rowdy,10
rowed,48
rower,0
royal,386
rubes,0
ruble,0
ruche,0
ruddy,15
ruder,0
ruffs,2
rugby,7
ruing,0
ruins,127
ruled,215
ruler,380
rules,929
rumba,0
rumen,2
rummy,1
rumor,18
rumps,4
runes,3
rungs,5
runic,3
runny,1
runts,2
runty,1
rupee,6
rural,155
ruses,0
rusks,1
russe,1
rusts,4
rusty,63
rutty,0
saber,7
sable,3
sabra,1
sabre,5
sacks,44
sadly,141
safer,70
safes,2
sagas,4
sager,0
sages,2
sahib,0
sails,124
saint,41
saith,11
sakes,22
salad,101
sales,297
sally,7
salon,8
salsa,0
salts,23
salty,62
salve,8
salvo,4
samba,2
sands,62
sandy,135
saner,3
sappy,1
saran,0
sarge,0
saris,0
sassy,8
sated,2
sates,0
satin,25
satyr,1
sauce,87
saucy,9
sauna,0
saute,2
saved,516
saver,5
saves,72
savor,4
savvy,2
sawed,15
sawer,0
saxes,1
sayer,0
scabs,4
scads,0
scald,2
scale,933
scalp,44
scaly,9
scamp,7
scams,0
scans,9
scant,22
scare,65
scarf,60
scarp,3
scars,32
scary,31
scats,0
scene,508
scent,96
schmo,0
schwa,79
scion,1
scoff,15
scold,19
scone,0
scoop,21
scoot,3
scope,119
scops,1
score,567
scorn,30
scour,5
scout,61
scowl,8
scows,3
scram,3
scrap,60
screw,129
scrim,1
scrip,7
scrod,0
scrub,47
scrum,1
scuba,13
scudi,0
scudo,0
scuds,0
scuff,6
scull,1
scums,0
scurf,3
scuse,1
scuzz,0
seals,71
seams,96
seamy,1
sears,0
seats,242
sebum,0
secco,3
sects,10
sedan,8
seder,3
sedge,0
sedgy,0
sedum,0
seeds,631
seedy,3
seeks,89
seems,1397
seeps,11
seers,6
seest,4
seeth,0
segue,1
seine,11
seize,97
selah,0
selfs,0
sells,97
semen,6
semis,0
sends,124
sense,1242
sepal,0
sepia,1
sepoy,0
septa,6
serfs,17
serge,3
serif,18
serum,50
serve,773
servo,5
setup,23
seven,1461
sever,10
sewed,38
sewer,17
sexed,0
sexes,29
shack,47
shade,279
shads,3
shady,35
shaft,105
shags,0
shahs,0
shake,209
shako,0
shaky,30
shale,23
shall,8779
shalt,32
shame,298
shams,1
shank,16
shape,1025
shard,0
share,622
shark,92
sharp,699
shave,36
shawl,44
shawm,0
shays,0
sheaf,18
shear,60
sheds,30
sheen,11
sheep,719
sheer,96
sheet,463
sheik,4
shelf,175
shell,278
sherd,1
shews,0
shied,7
shier,0
shies,2
shift,188
shiki,0
shill,1
shims,2
shine,202
shins,3
shiny,141
ships,853
shire,0
shirk,2
shirr,0
shirt,278
shish,1
shits,0
shlep,0
shmoo,0
shnor,0
shoal,10
shoat,0
shock,187
shoed,0
shoer,0
shoes,542
shoji,1
shone,138
shook,545
shoos,0
shoot,280
shops,213
shore,526
shorn,10
short,2068
shots,144
shout,208
shove,19
shown,2069
shows,1575
showy,18
shred,7
shrew,4
shrub,28
shrug,15
shuck,0
shuns,5
shunt,2
shush,2
shute,1
shuts,16
shyer,1
shyly,28
sibyl,0
sicko,0
sicks,0
sided,8
sides,1171
sidle,3
siege,62
sieve,25
sifts,2
sighs,25
sight,1099
sigma,3
signs,669
silks,30
silky,36
sills,7
silly,203
silos,4
silts,2
silty,0
since,4088
sines,3
sinew,15
singe,1
sings,148
sinks,43
sinus,2
sired,5
siree,3
siren,14
sires,0
sirup,1
sisal,11
sissy,6
sitar,1
sited,7
sites,98
situs,5
sixes,22
sixth,189
sixty,200
sized,17
sizer,0
sizes,275
skate,35
skeet,2
skein,3
skews,0
skids,1
skied,2
skier,12
skies,101
skiff,23
skill,365
skimp,1
skims,3
skins,199
skint,2
skips,32
skirt,177
skits,4
skoal,1
skulk,1
skull,89
skunk,7
skyed,0
slabs,28
slack,35
slags,1
slain,192
slake,1
slams,6
slang,31
slant,132
slaps,12
slash,64
slate,30
slats,9
slave,218
slaws,0
slays,6
sleds,34
sleek,49
sleep,937
sleet,27
slept,300
slews,2
slice,119
slick,42
slide,209
slier,0
slily,0
slime,17
slims,0
slimy,10
sling,20
slink,6
slips,54
slits,27
slobs,1
sloes,1
slogs,0
slomo,0
sloop,12
slope,195
slops,1
slosh,4
sloth,22
slots,26
slows,23
slued,0
slues,0
sluff,0
slugs,13
slump,21
slums,37
slung,31
slunk,1
slurp,2
slurs,4
slush,2
sluts,0
slyer,0
slyly,11
smack,23
small,4823
smart,148
smash,31
smear,3
smell,455
smelt,15
smile,416
smirk,7
smite,8
smith,13
smock,10
smogs,0
smoke,494
smoky,16
smote,102
smurf,0
smuts,0
snack,37
snafu,0
snags,12
snail,50
snake,288
snaky,1
snaps,27
snare,79
snarf,0
snark,0
snarl,18
sneak,29
sneer,9
snide,0
sniff,33
snipe,2
snips,14
snits,0
snobs,3
snood,0
snook,0
snoop,1
snoot,1
snore,11
snort,22
snots,0
snout,27
snows,38
snowy,63
snubs,1
snuck,1
snuff,11
snugs,0
soaks,16
soaps,15
soapy,9
soars,6
sober,56
socko,0
socks,93
socle,0
sodas,5
sofas,5
softs,0
softy,0
soggy,21
soils,95
solar,221
soled,1
soles,35
solid,544
solon,1
solos,13
solum,1
solve,1046
somas,0
sonar,32
songs,793
sonic,10
sonly,0
sonny,5
sooth,0
soots,0
sooty,5
soppy,0
sorer,0
sores,17
sorry,414
sorta,3
sorts,144
souls,108
sound,5196
soups,12
soupy,3
sours,1
souse,0
south,1051
sowed,20
sower,11
soyas,0
space,2388
spacy,0
spade,13
spake,9
spang,0
spank,4
spans,19
spare,198
spark,102
spars,9
spasm,13
spate,5
spats,2
spawn,14
spays,0
spazz,0
speak,1288
spear,115
speck,44
specs,3
speed,978
spell,1095
spelt,17
spend,616
spent,807
sperm,6
spews,2
spice,37
spics,0
spicy,11
spied,40
spiel,1
spier,0
spies,36
spiff,0
spike,20
spiky,4
spill,29
spilt,8
spina,0
spine,46
spins,56
spiny,16
spire,11
spite,336
spits,8
spitz,1
spivs,1
splat,1
splay,0
split,283
spoil,161
spoke,1000
spoof,1
spook,4
spool,26
spoon,105
spoor,0
spore,22
sport,174
spots,230
spout,35
sprat,1
spray,101
spree,10
sprig,4
sprit,5
sprog,0
sprue,2
spuds,0
spued,1
spume,2
spumy,0
spunk,4
spurn,10
spurs,29
spurt,16
sputa,0
squab,1
squad,35
squat,25
squaw,17
squib,1
squid,20
stabs,6
stack,94
staff,453
stage,750
stags,3
stagy,0
staid,4
stain,35
stair,23
stake,90
stale,21
stalk,75
stall,123
stamp,137
stand,1736
stank,3
staph,0
stare,99
stark,20
stars,803
start,1533
stash,0
state,2305
stats,0
stave,12
stays,122
stead,100
steak,40
steal,119
steam,388
steed,15
steel,658
steep,212
steer,95
stein,5
stela,0
stele,0
stems,245
steno,0
steps,1053
stern,128
stets,0
stews,5
stick,626
stied,0
sties,1
stiff,179
stile,7
still,5462
stilt,1
sting,49
stink,10
stint,18
stirs,31
stoae,0
stoas,0
stoat,2
stock,472
stogy,0
stoic,1
stoke,1
stole,86
stoma,0
stomp,8
stone,911
stony,33
stood,2083
stool,77
stoop,35
stops,183
store,822
stork,12
storm,411
story,2688
stoup,0
stout,68
stove,211
stows,1
strap,46
straw,262
stray,58
strep,2
strew,4
strip,317
strop,0
strum,27
strut,26
stubs,9
stuck,237
studs,12
study,3058
stuff,256
stump,51
stung,34
stunk,1
stuns,1
stunt,34
styes,0
style,711
styli,0
suave,4
sucks,1
sudsy,0
suede,4
suers,0
suets,0
suety,0
sugar,672
suing,4
suite,58
suits,149
sulfa,2
sulks,2
sulky,8
sully,0
sumac,7
summa,1
sumps,1
sunny,141
sunup,12
super,44
supes,0
supra,3
suras,0
surds,1
surer,6
surfs,0
surge,37
surly,7
sushi,2
sutra,0
swabs,0
swags,0
swain,1
swami,1
swamp,72
swank,2
swans,17
swaps,1
sward,4
sware,0
swarf,1
swarm,37
swart,3
swash,4
swath,4
swats,0
sways,3
swear,114
sweat,152
swede,0
sweep,126
sweet,480
swell,71
swept,247
swift,195
swigs,0
swill,1
swims,48
swine,26
swing,235
swipe,2
swirl,19
swish,38
swiss,36
swive,0
swoon,3
swoop,22
sword,160
swore,143
sworn,73
swung,246
sylph,1
synch,1
syncs,0
synod,1
syrup,55
tabby,3
table,2219
taboo,8
tabor,5
tabus,0
tacet,0
tacit,5
tacks,27
tacky,1
tacos,3
tacts,0
taels,0
taffy,4
tagua,2
tails,163
taint,5
taken,2147
taker,1
takes,1227
talcs,2
tales,178
talks,195
talky,1
tally,23
talon,0
talus,0
tamed,35
tamer,1
tames,2
tamps,0
tango,4
tangs,0
tangy,7
tanks,163
tansy,1
taped,10
taper,33
tapes,23
tapir,6
tapis,1
tardy,4
tared,1
tares,4
tarns,0
taros,0
tarot,0
tarps,0
tarry,27
tarts,11
tasks,121
taste,451
tasty,34
tater,0
tatty,0
taunt,25
taupe,0
tawny,15
taxed,34
taxer,0
taxes,195
taxis,26
taxol,0
taxon,0
teach,437
teaks,0
teals,0
teams,183
tears,371
teary,1
tease,37
teats,3
techs,1
techy,0
tecum,0
teddy,6
teems,4
teens,42
teeny,4
teeth,757
telex,0
tells,1053
telly,5
tempi,1
tempo,101
temps,4
tempt,15
tench,1
tends,128
tenet,1
tenon,7
tenor,30
tense,223
tenth,161
tents,107
tepee,8
tepid,6
terce,0
terms,1234
terns,12
terra,5
terry,1
terse,6
tesla,0
tests,377
testy,1
tetra,0
texas,0
texts,65
thane,0
thank,433
thanx,1
thats,2
thaws,7
thees,1
theft,34
their,24196
theme,287
thens,0
there,24437
therm,0
these,16577
theta,11
thews,0
thick,750
thief,111
thigh,72
thine,49
thing,2889
think,5940
thins,3
third,1583
thong,11
thorn,42
those,6472
thous,0
three,6629
threw,505
throb,7
throe,0
throw,405
thrum,1
thuds,5
thugs,5
thumb,182
thump,67
thunk,1
thwap,2
thyme,5
tiara,5
tibia,2
ticks,21
tidal,67
tided,0
tides,126
tiers,6
tiffs,0
tiger,121
tight,281
tikes,0
tikis,0
tilde,15
tiled,12
tiler,0
tiles,56
tills,2
tilth,2
tilts,9
timed,28
timer,7
times,2968
timid,40
tines,7
tinge,4
tings,0
tinny,4
tints,11
tippy,0
tipsy,3
tired,566
tires,99
tiros,1
titan,2
titer,4
tithe,30
title,485
titre,1
titty,0
tizzy,0
toads,90
toady,0
toast,92
today,2643
toddy,0
toffs,0
toffy,0
togas,0
toile,0
toils,12
toked,0
token,461
toker,0
tokes,0
tolls,10
tombs,56
tomes,1
tommy,8
tonal,110
toned,1
toner,3
tones,302
tongs,16
tonic,31
tools,460
toons,0
tooth,122
toots,4
topaz,7
toped,0
toper,0
topes,0
topic,399
topoi,0
topos,0
toque,2
torah,0
torch,46
toric,0
torsi,0
torso,10
torte,0
torts,0
torus,0
total,1066
toted,2
totem,12
toter,0
totes,3
totty,0
touch,653
tough,266
tours,19
touts,0
toves,7
towed,23
towel,62
tower,274
towns,556
toxic,11
toxin,3
toyed,2
toyer,0
toyon,0
trace,212
track,393
tract,53
trade,875
trail,359
train,741
trait,33
tramp,43
trams,12
trans,9
traps,66
trash,25
trawl,20
trays,31
tread,28
treap,0
treat,200
treed,2
trees,2004
treks,3
trend,111
tress,2
trews,0
treys,0
triad,8
trial,336
tribe,442
tribs,0
trice,5
trick,299
tried,1497
trier,0
tries,185
trike,1
trill,7
trims,4
trios,1
tripe,3
trips,196
trite,4
troll,9
tromp,0
troop,50
troth,2
trots,6
trout,57
trove,0
trows,0
truce,13
truck,477
trued,0
truer,7
trues,0
truly,305
trump,1
trunk,206
truss,13
trust,327
truth,719
tryst,0
tsars,2
tuans,1
tubal,0
tubas,0
tubby,2
tubed,0
tuber,3
tubes,216
tucks,10
tufas,0
tufts,14
tufty,1
tulip,27
tulle,3
tummy,7
tumor,45
tunas,0
tuned,72
tuner,7
tunes,91
tunic,11
tunny,0
tuple,0
turbo,1
turds,0
turdy,0
turfs,0
turfy,0
turns,735
turps,1
tusks,42
tusky,1
tutor,35
tutti,1
tutus,0
tuxes,0
twain,7
twang,9
twats,0
tweak,1
tweed,15
tweet,0
twerp,0
twice,641
twigs,73
twill,5
twine,20
twink,0
twins,84
twiny,0
twirl,6
twirp,0
twist,120
twits,0
twixt,0
tying,29
tykes,0
typal,0
typed,87
types,625
typos,1
tyres,2
tyros,0
tzars,0
udder,3
ukase,1
ulcer,12
ulnar,0
ulnas,0
ultra,5
umbel,0
umber,4
umbra,2
umiak,0
umped,2
umpty,0
unapt,0
unarc,0
unarm,0
unary,3
unate,0
unban,0
unbar,1
unbox,1
uncap,1
uncle,257
uncut,4
under,4899
undid,14
undue,29
unfed,1
unfit,22
unfix,0
unhip,0
unhit,0
unify,10
union,387
unite,47
units,775
unity,191
unjam,0
unlit,1
unman,0
unmap,0
unmet,0
unpeg,0
unpin,1
unrig,0
unsay,0
unsee,1
unset,3
unsew,0
unsex,0
untie,25
until,4250
unwed,12
unwon,0
unzip,1
upend,0
upped,3
upper,640
upset,148
urban,122
ureas,0
urged,177
urger,0
urges,18
urine,30
usage,88
users,82
usher,11
using,2521
usual,593
usurp,1
usury,0
uteri,0
utero,0
utter,98
uvula,0
vacua,0
vacuo,0
vague,88
vagus,0
vails,0
vales,3
valet,6
valid,136
valor,37
value,1658
valve,49
vamps,0
vaned,0
vanes,14
vapes,0
vapid,0
vapor,224
varia,0
vases,23
vault,24
vaunt,3
veals,0
veeps,0
veers,4
vegan,0
veils,17
veins,101
veiny,0
velar,0
velds,0
veldt,10
venal,0
vends,0
venom,15
vents,8
venue,2
verbs,603
verge,12
versa,28
verse,200
verso,1
verst,0
verve,8
vests,2
vetch,1
vexed,19
vexes,1
vials,1
viand,0
vibes,1
vicar,19
vices,7
video,7
viers,0
views,264
vigil,10
vigor,47
viler,0
villa,14
ville,0
villi,0
vinca,0
vined,0
vines,92
vinyl,7
viola,26
viols,1
viper,9
viral,1
vireo,0
vires,4
virus,66
visas,1
vised,0
vises,0
visit,736
visor,7
vista,5
vitae,3
vital,169
vitam,0
vitas,0
vitro,4
vivas,0
vivid,106
vivre,1
vixen,2
vizor,1
vocab,0
vocal,134
vodka,8
vogue,12
voice,2236
voids,1
voila,1
voile,2
volts,18
vomit,6
voted,107
voter,21
votes,124
vouch,2
vowed,33
vowel,1491
vower,0
voxel,0
vroom,2
vulva,0
vying,4
wacko,0
wacky,1
waded,37
wader,0
wades,5
wadis,1
wafer,4
wafts,0
waged,23
wager,13
wages,225
wagon,420
wahoo,1
waifs,0
wails,6
waist,110
waits,45
waive,4
waked,11
waken,6
waker,0
wakes,26
waled,0
wales,3
walks,205
walls,723
waltz,42
wands,4
waned,9
wanes,3
wanly,2
wanna,14
wanta,7
wants,645
wards,11
wares,36
warms,35
warns,27
warps,0
warts,10
warty,10
washy,0
wasps,16
waspy,0
wassa,1
waste,414
watch,1220
water,8545
watsa,1
watts,7
waved,216
waver,11
waves,762
waxed,185
waxen,6
waxer,5
waxes,647
wazoo,0
weald,0
weals,0
weans,0
wears,92
weary,187
weave,64
webby,0
weber,0
wedge,41
wedgy,0
weeds,130
weedy,7
weeks,842
weeny,0
weeps,5
weepy,0
weest,0
wefts,0
weigh,214
weird,60
weirs,1
welch,5
welds,5
wells,89
welsh,1
welts,4
wench,3
wends,0
wests,0
wetly,2
whack,15
whale,283
whams,0
whang,0
wharf,53
whats,0
wheal,0
wheat,426
wheee,1
wheel,535
whelk,1
whelm,0
whelp,3
whens,2
where,8763
whets,0
whews,0
wheys,0
which,26591
whiff,9
while,4767
whims,4
whine,19
whiny,1
whips,25
whipt,1
whirl,33
whirr,5
whirs,1
whish,0
whisk,13
whist,7
white,2728
whits,0
whizz,3
whoas,0
whole,3111
whomp,1
whooo,1
whoop,20
whops,0
whore,4
whorl,0
whose,2020
whoso,0
whump,0
wicks,0
widen,25
wider,171
widow,185
width,429
wield,9
wifey,0
wilco,0
wilds,13
wiled,0
wiles,10
wills,19
wilts,2
wimps,0
wimpy,0
wince,4
winch,6
winds,435
windy,62
wined,0
wines,70
winey,0
wings,672
winks,7
winos,1
wiped,134
wiper,3
wipes,10
wired,34
wirer,0
wires,224
wised,1
wiser,45
wises,0
wisps,10
wispy,2
wists,0
witch,116
withs,0
witty,22
wives,152
wizen,0
woken,4
wolds,0
woman,1624
wombs,2
women,1240
wonks,0
wonky,0
wonts,0
woods,598
woody,24
wooed,5
wooer,0
woofs,1
wools,0
wooly,0
woosh,3
woozy,1
words,12711
wordy,4
works,1158
world,4529
worms,143
wormy,2
worry,337
worse,375
worst,204
worth,587
worts,0
would,18409
wound,246
woven,109
wowed,1
wowee,0
wrack,2
wraps,16
wrath,307
wreak,3
wreck,93
wrens,8
wrest,6
wrier,0
wring,11
wrist,87
write,10375
writs,2
wrong,1059
wrote,1293
wroth,1
wrung,11
wryer,0
wryly,10
wurst,0
xenon,4
xerox,0
xored,0
xylem,5
yacht,34
yahoo,0
yanks,5
yards,482
yarns,71
yawed,1
yawls,2
yawns,3
yawny,1
yawps,1
yearn,7
years,6813
yeast,51
yecch,0
yella,7
yells,26
yelps,3
yenta,0
yerba,0
yeses,0
yield,214
yikes,0
yipes,1
yobbo,0
yodel,3
yogas,0
yogic,0
yogis,0
yoked,5
yokel,2
yokes,6
yolks,13
yolky,0
yores,0
young,3152
yourn,1
yours,321
youse,1
youth,434
yowls,0
yoyos,0
yucca,13
yucky,0
yukky,0
yules,0
yummy,3
yurts,0
zappy,0
zayin,0
zeals,0
zebra,26
zebus,1
zeros,56
zests,0
zesty,0
zetas,0
zilch,0
zincs,0
zings,0
zingy,0
zippy,0
zloty,0
zombi,0
zonal,2
zoned,1
zones,57
zonks,0
zooey,0
zooks,0
zooms,4
zowie,4
